title,date,summary,link
The market powerful enough to sway stocks and Trump is rumbling again - AP News,"Tue, 19 May 2026 07:00:00 GMT","<a href=""https://news.google.com/rss/articles/CBMingFBVV95cUxQeUJ6cjlmeHprWTN3UWZxVTBTbFJaLUZmUUd5X3EyZVI3OUV0Q3BnaXdZenZWOFU4NFhoLXFGSUFSSWxUdVFpV0c1VWY4Q0tkbWVWajcyTW02M0hpLXlZQl9yNXpqeFYwdnJ1T0JBQndMa2VTMkV2Yk84d1hDcklPVGdOTy00RUpKSUd1NEZkQm04U3ZrQUlKSURaZzNzZw?oc=5"" target=""_blank"">The market powerful enough to sway stocks and Trump is rumbling again</a>&nbsp;&nbsp;<font color=""#6f6f6f"">AP News</font>",https://news.google.com/rss/articles/CBMingFBVV95cUxQeUJ6cjlmeHprWTN3UWZxVTBTbFJaLUZmUUd5X3EyZVI3OUV0Q3BnaXdZenZWOFU4NFhoLXFGSUFSSWxUdVFpV0c1VWY4Q0tkbWVWajcyTW02M0hpLXlZQl9yNXpqeFYwdnJ1T0JBQndMa2VTMkV2Yk84d1hDcklPVGdOTy00RUpKSUd1NEZkQm04U3ZrQUlKSURaZzNzZw?oc=5
Warsh Caught Between Trump and Bond Market Bet on Rate Hikes - Yahoo Finance,"Mon, 15 Jun 2026 07:00:00 GMT","<a href=""https://news.google.com/rss/articles/CBMinAFBVV95cUxQMUxQRGpKOXEwWWJCdXQ2ZmJib3ROWFBacXhkTTJaVk9yc2VrOGZMV3lqWDNlN09FTHV2N09tZnlVYnpEU0lQNFhWY0VSX3I0ZHN6M2Z5NDRVZjFRUFE3cXRsZ1RSVkVPeVNMRzEyOTNGSERuLVFTSU43M0RtX1FGT2lmaGFSeGR3d1JIR0xuZ3NJT1NaTWxtQ0VJeWM?oc=5"" target=""_blank"">Warsh Caught Between Trump and Bond Market Bet on Rate Hikes</a>&nbsp;&nbsp;<font color=""#6f6f6f"">Yahoo Finance</font>",https://news.google.com/rss/articles/CBMinAFBVV95cUxQMUxQRGpKOXEwWWJCdXQ2ZmJib3ROWFBacXhkTTJaVk9yc2VrOGZMV3lqWDNlN09FTHV2N09tZnlVYnpEU0lQNFhWY0VSX3I0ZHN6M2Z5NDRVZjFRUFE3cXRsZ1RSVkVPeVNMRzEyOTNGSERuLVFTSU43M0RtX1FGT2lmaGFSeGR3d1JIR0xuZ3NJT1NaTWxtQ0VJeWM?oc=5
"Trump blinks as big, bad bond market bares its teeth - Reuters","Wed, 20 May 2026 07:00:00 GMT","<a href=""https://news.google.com/rss/articles/CBMiuAFBVV95cUxNRnZtN1lXbHppUkRDczZZLUhfaDdCQmRlTTNRN2VYekhzWWhuV19mSloyY2M5bGVNeUc1eEVUSnVVRHhVY3pDbl9Pa0MtQ2JTNXhnZ1BRdTdrc2h3ZmRnVV9QZS1kTzNtTXgxdVZVcVJqY3JHWHRLYkRrNHRodEhDVHJyLVhIV0N0cGVhRWRLOHBNRDBPUVhnbjFwVDBVdHczWFdLdEVRdkxHRnhKcFl1LW1kb3VJZDd0?oc=5"" target=""_blank"">Trump blinks as big, bad bond market bares its teeth</a>&nbsp;&nbsp;<font color=""#6f6f6f"">Reuters</font>",https://news.google.com/rss/articles/CBMiuAFBVV95cUxNRnZtN1lXbHppUkRDczZZLUhfaDdCQmRlTTNRN2VYekhzWWhuV19mSloyY2M5bGVNeUc1eEVUSnVVRHhVY3pDbl9Pa0MtQ2JTNXhnZ1BRdTdrc2h3ZmRnVV9QZS1kTzNtTXgxdVZVcVJqY3JHWHRLYkRrNHRodEhDVHJyLVhIV0N0cGVhRWRLOHBNRDBPUVhnbjFwVDBVdHczWFdLdEVRdkxHRnhKcFl1LW1kb3VJZDd0?oc=5
Warsh Caught Between Trump and Bond Market Bet on Rate Hikes (3) - Bloomberg Government News,"Mon, 15 Jun 2026 07:00:00 GMT","<a href=""https://news.google.com/rss/articles/CBMisgFBVV95cUxPdTVDcTBlX1VuVTBpYlp5ank5ekNqUUlXMHhmenc5U05INlY2SG1EUU4yeWIzODItVGN6Tm4xY3ZlY2RXVlVaOEtGcWxRYlJNbnh4cVA3UXZNbkxkODR4eXJmRTQyaVFwQlNkY2wwN0p5TEFNeEtteUlGelpndlV6aXphWVdiOFhPaXBmbTM3eHNDWjBSa1lGdXlFV0lWaTJ0bnRQYWlaYkpGSVgzMTBMZkpn?oc=5"" target=""_blank"">Warsh Caught Between Trump and Bond Market Bet on Rate Hikes (3)</a>&nbsp;&nbsp;<font color=""#6f6f6f"">Bloomberg Government News</font>",https://news.google.com/rss/articles/CBMisgFBVV95cUxPdTVDcTBlX1VuVTBpYlp5ank5ekNqUUlXMHhmenc5U05INlY2SG1EUU4yeWIzODItVGN6Tm4xY3ZlY2RXVlVaOEtGcWxRYlJNbnh4cVA3UXZNbkxkODR4eXJmRTQyaVFwQlNkY2wwN0p5TEFNeEtteUlGelpndlV6aXphWVdiOFhPaXBmbTM3eHNDWjBSa1lGdXlFV0lWaTJ0bnRQYWlaYkpGSVgzMTBMZkpn?oc=5
Trump's bond market headache is a nightmare for Europe - Euractiv,"Wed, 27 May 2026 07:00:00 GMT","<a href=""https://news.google.com/rss/articles/CBMikAFBVV95cUxORFpBX0s4WThrTHNVamp0S1RRMjlhbUFRMFZxR1RHUnYzZkQyRzNHSHhIZktHZVd1ZUNhaVBEa3pteFNxbmdndGJYdFF6YmJhb0NydXRCUXVfalFEeVpNLVNWYWRwSEF1WW81NU5pYmw2TTllQ2NqU0pTU0J3YXgxS3l4UnFEdlAxakJuNTRPWXc?oc=5"" target=""_blank"">Trump's bond market headache is a nightmare for Europe</a>&nbsp;&nbsp;<font color=""#6f6f6f"">Euractiv</font>",https://news.google.com/rss/articles/CBMikAFBVV95cUxORFpBX0s4WThrTHNVamp0S1RRMjlhbUFRMFZxR1RHUnYzZkQyRzNHSHhIZktHZVd1ZUNhaVBEa3pteFNxbmdndGJYdFF6YmJhb0NydXRCUXVfalFEeVpNLVNWYWRwSEF1WW81NU5pYmw2TTllQ2NqU0pTU0J3YXgxS3l4UnFEdlAxakJuNTRPWXc?oc=5
The Bond Market Is Forcing a Reckoning Trump Isn’t Able to Stop - Barron's,"Tue, 19 May 2026 07:00:00 GMT","<a href=""https://news.google.com/rss/articles/CBMihAFBVV95cUxQSjBlazhPendUdHlnMHl1WWoxYzl5akZNZVN6SVBKeE1jNTlBZS1KRkY3YmNWVThmV193UGdZWTZZakYyb3hLdlUxMDY0amFCeW52emdOd1RkVGRZMkprdDFjT2FQYk5FYlRfTGxpS1NlTGw5VFA4Unh5RXVrYXNLTjN2bGM?oc=5"" target=""_blank"">The Bond Market Is Forcing a Reckoning Trump Isn’t Able to Stop</a>&nbsp;&nbsp;<font color=""#6f6f6f"">Barron's</font>",https://news.google.com/rss/articles/CBMihAFBVV95cUxQSjBlazhPendUdHlnMHl1WWoxYzl5akZNZVN6SVBKeE1jNTlBZS1KRkY3YmNWVThmV193UGdZWTZZakYyb3hLdlUxMDY0amFCeW52emdOd1RkVGRZMkprdDFjT2FQYk5FYlRfTGxpS1NlTGw5VFA4Unh5RXVrYXNLTjN2bGM?oc=5
Who really holds the cards: Trump or the bond market? - The Conversation,"Mon, 26 Jan 2026 08:00:00 GMT","<a href=""https://news.google.com/rss/articles/CBMijwFBVV95cUxNdFduR3hWU3E3M040dnR2NVJQSXJiZzZTY0RhTHhqUjlreW9YZU9ZSnJvLU8yQXRMaHYtTDBnTkxYckl3d1ViRzNRNmhXZlRPSHBINVpjTXFjVmRiZWVkMzAtMGJuYWlYVDJzSWxwSXQxZG5mZjlRQ3oyZXNBSU5CaFdBNkp5Xzktbi0xazhrWQ?oc=5"" target=""_blank"">Who really holds the cards: Trump or the bond market?</a>&nbsp;&nbsp;<font color=""#6f6f6f"">The Conversation</font>",https://news.google.com/rss/articles/CBMijwFBVV95cUxNdFduR3hWU3E3M040dnR2NVJQSXJiZzZTY0RhTHhqUjlreW9YZU9ZSnJvLU8yQXRMaHYtTDBnTkxYckl3d1ViRzNRNmhXZlRPSHBINVpjTXFjVmRiZWVkMzAtMGJuYWlYVDJzSWxwSXQxZG5mZjlRQ3oyZXNBSU5CaFdBNkp5Xzktbi0xazhrWQ?oc=5
"Watch Warsh Caught Between Trump, Bond Market Bet on Rate Hikes - Bloomberg.com","Mon, 15 Jun 2026 07:00:00 GMT","<a href=""https://news.google.com/rss/articles/CBMinAFBVV95cUxQS0FralUwSGVBdEZSN0xvT3paVTQzNDUwNFpVdVVRdTg1NHU5S1YtUFpMWnBQUFhLdHBIaC1XeEdRUGRSUWFxbEhLM2FHWDU4RVZibDQtWkZISjZJeXhnQklsdGtxY1UwNnZjSm5KMlZMOHh5TXNYNTV4UG53MkdjMkxXZnVwSktnenJ5V3NHUlF3ZmJNX1VQVGY1TnQ?oc=5"" target=""_blank"">Watch Warsh Caught Between Trump, Bond Market Bet on Rate Hikes</a>&nbsp;&nbsp;<font color=""#6f6f6f"">Bloomberg.com</font>",https://news.google.com/rss/articles/CBMinAFBVV95cUxQS0FralUwSGVBdEZSN0xvT3paVTQzNDUwNFpVdVVRdTg1NHU5S1YtUFpMWnBQUFhLdHBIaC1XeEdRUGRSUWFxbEhLM2FHWDU4RVZibDQtWkZISjZJeXhnQklsdGtxY1UwNnZjSm5KMlZMOHh5TXNYNTV4UG53MkdjMkxXZnVwSktnenJ5V3NHUlF3ZmJNX1VQVGY1TnQ?oc=5
CNBC Daily Open: Bond markets and the Senate rebuke Trump as Iran war worries linger - CNBC,"Tue, 19 May 2026 07:00:00 GMT","<a href=""https://news.google.com/rss/articles/CBMivgFBVV95cUxPdkNqbWpVZ09WR3NLeEwzUGx3ZjNrSjhId2hJQTZ4bkYyM0sxRmZuVUdfLW83aHFlRE8zN0JScWN0Tm9wUzlvbzUxU0doUEE4Z3N5WHdYRE42am1WTWNzSk1kVHZfYTVHOHY2ZGU3QzUxZ0Y4cDBxbzRlem1Hdnl2dzZVc0VNNGx3VHJtRjVoemRBMnhxNlRIZUlMWkNsdVRJUHNXbGNtOHlSQkZvSVYwY25XdjRrMUhUQnpDN3ZB0gHDAUFVX3lxTE50d25IQTBrWHFDdmFqNjRaeElVQTRqSVlBTmZfUG4yLWRzdlVtZWszY01CT3pUUXJHS2RjUko1elFZcy1kc29Qck5LbkVyQzZFRG1VNElNUUM1SHNQal9pU0FLN21LQ28takRaZEdWd1NtQXBySzlxOEJhdTJiTnE1LXJIZWhZZ0I0bVctSzNBcWc2TElhNEdzMjVfYll6aFZnaWxTQk03d2huNFdOaGNHZFJDUl9TdFVXV3hxSmkzQUp4Zw?oc=5"" target=""_blank"">CNBC Daily Open: Bond markets and the Senate rebuke Trump as Iran war worries linger</a>&nbsp;&nbsp;<font color=""#6f6f6f"">CNBC</font>",https://news.google.com/rss/articles/CBMivgFBVV95cUxPdkNqbWpVZ09WR3NLeEwzUGx3ZjNrSjhId2hJQTZ4bkYyM0sxRmZuVUdfLW83aHFlRE8zN0JScWN0Tm9wUzlvbzUxU0doUEE4Z3N5WHdYRE42am1WTWNzSk1kVHZfYTVHOHY2ZGU3QzUxZ0Y4cDBxbzRlem1Hdnl2dzZVc0VNNGx3VHJtRjVoemRBMnhxNlRIZUlMWkNsdVRJUHNXbGNtOHlSQkZvSVYwY25XdjRrMUhUQnpDN3ZB0gHDAUFVX3lxTE50d25IQTBrWHFDdmFqNjRaeElVQTRqSVlBTmZfUG4yLWRzdlVtZWszY01CT3pUUXJHS2RjUko1elFZcy1kc29Qck5LbkVyQzZFRG1VNElNUUM1SHNQal9pU0FLN21LQ28takRaZEdWd1NtQXBySzlxOEJhdTJiTnE1LXJIZWhZZ0I0bVctSzNBcWc2TElhNEdzMjVfYll6aFZnaWxTQk03d2huNFdOaGNHZFJDUl9TdFVXV3hxSmkzQUp4Zw?oc=5
Commentary: New challenges for new Federal Reserve - Post and Courier,"Tue, 30 Jun 2026 20:15:00 GMT","<a href=""https://news.google.com/rss/articles/CBMi2wFBVV95cUxOaXVGNUhnai1IbmpSdlFxTVJKNUNDYnh0aFV4U2ZRamJQYzFxZGZVQzlMeTRoVmtSV3hDWHhCWmR4VmZMQ2dFY0VoVzh0S0ltVzZ4ZkxpaUdhTkw0RG52ZFh1eFdTYm02Z0pDV0lob1ZIWkFEWVIyeGVDbXBTSGRDVjhyajFUd0tKOFpYSlNlUWxfR29uR2VRSXNqVk4zS0kxNjlNQVNoQUxIOHN5ZXJZX3AzclVXSjliT0hIYTRlaEtaUjgxVWY1a21FTDBIZk9FYWJZdElCVk8wMk0?oc=5"" target=""_blank"">Commentary: New challenges for new Federal Reserve</a>&nbsp;&nbsp;<font color=""#6f6f6f"">Post and Courier</font>",https://news.google.com/rss/articles/CBMi2wFBVV95cUxOaXVGNUhnai1IbmpSdlFxTVJKNUNDYnh0aFV4U2ZRamJQYzFxZGZVQzlMeTRoVmtSV3hDWHhCWmR4VmZMQ2dFY0VoVzh0S0ltVzZ4ZkxpaUdhTkw0RG52ZFh1eFdTYm02Z0pDV0lob1ZIWkFEWVIyeGVDbXBTSGRDVjhyajFUd0tKOFpYSlNlUWxfR29uR2VRSXNqVk4zS0kxNjlNQVNoQUxIOHN5ZXJZX3AzclVXSjliT0hIYTRlaEtaUjgxVWY1a21FTDBIZk9FYWJZdElCVk8wMk0?oc=5
"Trump administration cannot hold migrants without bond hearings past 90 days, court rules - CNBC","Thu, 02 Jul 2026 23:57:57 GMT","<a href=""https://news.google.com/rss/articles/CBMiswFBVV95cUxPd2dncHQzUFNOdEJKRkZBbl96UVVYbXpfTnRIcEx2V3VWcG1ReU9VSmVIbTlHZ3g0SnBiY2o1Q3dwZGo3VGptaXRTcEp0YUwyaGhQZDR1Xzl3X1VIQ3RRYUVOU2s5cndjam1DbjJJUkpQN2Q1cW5haklyVnMzZ3l3dkNSUGlRNFJJb0xnaU83RC12WFBhdldCRTMyZjdXV3ZUdUJvVUhIZ2R2RkpaS1Q4UUhab9IBuAFBVV95cUxPMmVoVE8wZjY1M3U3bFVTY3E4bENKVTlCRGloRHdGdWNCQ1NveUFPcWNvLWQwTTZFcDV1cU5qakpnQkpTUEhJdGxHYmlxd0c5QnJrUUstY1NEWk51cnN3OEJYeTlnVVdmaHpwTXFfc1BFbG9VelpwMHdETXZkVUFwd0lLWmpUVy1FTVE0czRaS1JsTm9tRlBVTUxfcktKa2pZZjUwOGxHeWE3N1Nfc2NRRDZtMWM1MEoy?oc=5"" target=""_blank"">Trump administration cannot hold migrants without bond hearings past 90 days, court rules</a>&nbsp;&nbsp;<font color=""#6f6f6f"">CNBC</font>",https://news.google.com/rss/articles/CBMiswFBVV95cUxPd2dncHQzUFNOdEJKRkZBbl96UVVYbXpfTnRIcEx2V3VWcG1ReU9VSmVIbTlHZ3g0SnBiY2o1Q3dwZGo3VGptaXRTcEp0YUwyaGhQZDR1Xzl3X1VIQ3RRYUVOU2s5cndjam1DbjJJUkpQN2Q1cW5haklyVnMzZ3l3dkNSUGlRNFJJb0xnaU83RC12WFBhdldCRTMyZjdXV3ZUdUJvVUhIZ2R2RkpaS1Q4UUhab9IBuAFBVV95cUxPMmVoVE8wZjY1M3U3bFVTY3E4bENKVTlCRGloRHdGdWNCQ1NveUFPcWNvLWQwTTZFcDV1cU5qakpnQkpTUEhJdGxHYmlxd0c5QnJrUUstY1NEWk51cnN3OEJYeTlnVVdmaHpwTXFfc1BFbG9VelpwMHdETXZkVUFwd0lLWmpUVy1FTVE0czRaS1JsTm9tRlBVTUxfcktKa2pZZjUwOGxHeWE3N1Nfc2NRRDZtMWM1MEoy?oc=5
Opening a ‘Trump account’ for your children? Here is the risk you need to reckon with first. - MarketWatch,"Fri, 03 Jul 2026 19:10:00 GMT","<a href=""https://news.google.com/rss/articles/CBMiyAFBVV95cUxQSG5ZT09RUlBEQ1k3M2paUGRiZmtrS2dyRDE3NUhCdVFYREdYM0Z2b2ZCb29xX2dKMW5CUlFxeTNuRVV1WVo1MVJ5LTU2WmpHbXg0SDZQeUVKUks2dDBfeS02djVwRzBLbmJ4Vmh1REkwazlldUZSYnJRaHRBT3J6S2VtQmZUaVBva2FUUDk0WGVlcUhfS1NtY2FBOTk4bmpOTzRNeHJHNGZRSkx5MWdvNU94UUIzN3FzQkM0c3YwZGRNZi1USXJURQ?oc=5"" target=""_blank"">Opening a ‘Trump account’ for your children? Here is the risk you need to reckon with first.</a>&nbsp;&nbsp;<font color=""#6f6f6f"">MarketWatch</font>",https://news.google.com/rss/articles/CBMiyAFBVV95cUxQSG5ZT09RUlBEQ1k3M2paUGRiZmtrS2dyRDE3NUhCdVFYREdYM0Z2b2ZCb29xX2dKMW5CUlFxeTNuRVV1WVo1MVJ5LTU2WmpHbXg0SDZQeUVKUks2dDBfeS02djVwRzBLbmJ4Vmh1REkwazlldUZSYnJRaHRBT3J6S2VtQmZUaVBva2FUUDk0WGVlcUhfS1NtY2FBOTk4bmpOTzRNeHJHNGZRSkx5MWdvNU94UUIzN3FzQkM0c3YwZGRNZi1USXJURQ?oc=5
Record $21 Billion Water Bonds Sold With Trump Budget Cuts Ahead - Bloomberg.com,"Thu, 18 Jun 2026 07:00:00 GMT","<a href=""https://news.google.com/rss/articles/CBMitAFBVV95cUxQUVItZnh0UlNEcWE0RU0xbjlESklMMGExQTlZZG5fUy1oZHJrY3dNRW9KdGRpa3hfcjFoNjJpUlVRTWdKV1pRS3M3a3JxbkNhZjJyZDZNVVhEVWFJNmRQTVlPT1psa1JVNDJMVWpmSEdobGh5a3R1MkR3cktKUDhUaDZLb2lEYThjTjFXOFBFRzJHQ1VkbU9IZzdqVXl2amw3b0FmQ01wSEpPLVlYcGNWSVkyUko?oc=5"" target=""_blank"">Record $21 Billion Water Bonds Sold With Trump Budget Cuts Ahead</a>&nbsp;&nbsp;<font color=""#6f6f6f"">Bloomberg.com</font>",https://news.google.com/rss/articles/CBMitAFBVV95cUxQUVItZnh0UlNEcWE0RU0xbjlESklMMGExQTlZZG5fUy1oZHJrY3dNRW9KdGRpa3hfcjFoNjJpUlVRTWdKV1pRS3M3a3JxbkNhZjJyZDZNVVhEVWFJNmRQTVlPT1psa1JVNDJMVWpmSEdobGh5a3R1MkR3cktKUDhUaDZLb2lEYThjTjFXOFBFRzJHQ1VkbU9IZzdqVXl2amw3b0FmQ01wSEpPLVlYcGNWSVkyUko?oc=5
"Trump faces a new inflation warning from the bond market, adding to his midterm challenges - PBS","Mon, 01 Jun 2026 07:00:00 GMT","<a href=""https://news.google.com/rss/articles/CBMixgFBVV95cUxPRGh6eUhCTkZkdUVETkpsQnlvQTRjSFJhVUFqcnVEXzZwTHktOHhwdWR6RFN5ZnhRRlVjdEFINFZ0dHpLRkFVOVdHYVJiQlpCTE5mMS00VFdobWQyVXZpRERUOURwOHoxX21tLTBRd1NFWl9lQWl6cFlRMEFzclZIVHdTU29Ea1FVUml4QnRJX1RIT1k5b1lKWlZpaFlwZVFIVXhEcjBhdGVFWXBCZmttZUZZWjM4bDFtMmxpcXhGMkYtYV8wdFHSAcsBQVVfeXFMT1ZUN0psdmVoMk1kbUZLREZXUW1fckVWRFBXTzFBQnZGUnF1aENIWGR1STA4Z3hHU0o4TmVuQ2VUZ1VhSFp3ZjFTZWZPejhhOGpfTjhibXd1NnhFVTlsdnNPcVV4a0VkWU5kMzk2THV5SVdYaE5UZ1Vyczh6dDhzSWFVcm10M1l3Y2pRMnQ3TnJDemVrZ0F1STQtYkJjSWlnZldVTENXa0tYdU1LelRuU0IwUzFzU1hnSlZyakpRVWI0RWlpUU9NSWtKVmM?oc=5"" target=""_blank"">Trump faces a new inflation warning from the bond market, adding to his midterm challenges</a>&nbsp;&nbsp;<font color=""#6f6f6f"">PBS</font>",https://news.google.com/rss/articles/CBMixgFBVV95cUxPRGh6eUhCTkZkdUVETkpsQnlvQTRjSFJhVUFqcnVEXzZwTHktOHhwdWR6RFN5ZnhRRlVjdEFINFZ0dHpLRkFVOVdHYVJiQlpCTE5mMS00VFdobWQyVXZpRERUOURwOHoxX21tLTBRd1NFWl9lQWl6cFlRMEFzclZIVHdTU29Ea1FVUml4QnRJX1RIT1k5b1lKWlZpaFlwZVFIVXhEcjBhdGVFWXBCZmttZUZZWjM4bDFtMmxpcXhGMkYtYV8wdFHSAcsBQVVfeXFMT1ZUN0psdmVoMk1kbUZLREZXUW1fckVWRFBXTzFBQnZGUnF1aENIWGR1STA4Z3hHU0o4TmVuQ2VUZ1VhSFp3ZjFTZWZPejhhOGpfTjhibXd1NnhFVTlsdnNPcVV4a0VkWU5kMzk2THV5SVdYaE5UZ1Vyczh6dDhzSWFVcm10M1l3Y2pRMnQ3TnJDemVrZ0F1STQtYkJjSWlnZldVTENXa0tYdU1LelRuU0IwUzFzU1hnSlZyakpRVWI0RWlpUU9NSWtKVmM?oc=5
Warsh Caught Between Trump and Bond Market Bet on Rate Hikes (3) - Bloomberg Government News,"Mon, 15 Jun 2026 07:00:00 GMT","<a href=""https://news.google.com/rss/articles/CBMisgFBVV95cUxPdTVDcTBlX1VuVTBpYlp5ank5ekNqUUlXMHhmenc5U05INlY2SG1EUU4yeWIzODItVGN6Tm4xY3ZlY2RXVlVaOEtGcWxRYlJNbnh4cVA3UXZNbkxkODR4eXJmRTQyaVFwQlNkY2wwN0p5TEFNeEtteUlGelpndlV6aXphWVdiOFhPaXBmbTM3eHNDWjBSa1lGdXlFV0lWaTJ0bnRQYWlaYkpGSVgzMTBMZkpn?oc=5"" target=""_blank"">Warsh Caught Between Trump and Bond Market Bet on Rate Hikes (3)</a>&nbsp;&nbsp;<font color=""#6f6f6f"">Bloomberg Government News</font>",https://news.google.com/rss/articles/CBMisgFBVV95cUxPdTVDcTBlX1VuVTBpYlp5ank5ekNqUUlXMHhmenc5U05INlY2SG1EUU4yeWIzODItVGN6Tm4xY3ZlY2RXVlVaOEtGcWxRYlJNbnh4cVA3UXZNbkxkODR4eXJmRTQyaVFwQlNkY2wwN0p5TEFNeEtteUlGelpndlV6aXphWVdiOFhPaXBmbTM3eHNDWjBSa1lGdXlFV0lWaTJ0bnRQYWlaYkpGSVgzMTBMZkpn?oc=5
The Most Surprising Miscalculation of Trump’s Second Term - Politico,"Fri, 19 Jun 2026 07:00:00 GMT","<a href=""https://news.google.com/rss/articles/CBMinwFBVV95cUxPc0NFX1ZtT2NQa2duckdadlRIcWx0Wm5kR1ZURzlpZWswUUJfdk02TWtVNjBxZnZoWEh4dm10QkhST3dDZGpBNG9LdGdJMW4xeW9aaGJWM01aOGN2YmJ1YTFMT0g5SXl2V3NtMThGLXo0bUJzSE9Md1pVSF9yeEVLakV5Q0doNm5sWl9rMU9LTm1BbXRBVnR5V1pmRTUzcjQ?oc=5"" target=""_blank"">The Most Surprising Miscalculation of Trump’s Second Term</a>&nbsp;&nbsp;<font color=""#6f6f6f"">Politico</font>",https://news.google.com/rss/articles/CBMinwFBVV95cUxPc0NFX1ZtT2NQa2duckdadlRIcWx0Wm5kR1ZURzlpZWswUUJfdk02TWtVNjBxZnZoWEh4dm10QkhST3dDZGpBNG9LdGdJMW4xeW9aaGJWM01aOGN2YmJ1YTFMT0g5SXl2V3NtMThGLXo0bUJzSE9Md1pVSF9yeEVLakV5Q0doNm5sWl9rMU9LTm1BbXRBVnR5V1pmRTUzcjQ?oc=5
Trump Administration to Slash Oil-Drilling Bond Amount by 95% - Energy Connects,"Mon, 22 Jun 2026 19:07:22 GMT","<a href=""https://news.google.com/rss/articles/CBMisAFBVV95cUxNLVNkZHBQbHRWU1F6ck5UaTFRcmpXMW16TU4xWnVUODRram1JMy05blBNWlhrWEoxYkhleVBDU3R0VWFjUDlOa3BCbmp4SjZBakhTR2NfNmJ2UmNkRk9vY0RqaklZRWpySFlueGJiVDI2YnZNRjhVai1QUGhlTnNfbllTcFJJdHBBTXdJU3hrU21SaUh4dHZfZm5vSzNsOXpETEVNNkRidkdVTm1yQkJJUg?oc=5"" target=""_blank"">Trump Administration to Slash Oil-Drilling Bond Amount by 95%</a>&nbsp;&nbsp;<font color=""#6f6f6f"">Energy Connects</font>",https://news.google.com/rss/articles/CBMisAFBVV95cUxNLVNkZHBQbHRWU1F6ck5UaTFRcmpXMW16TU4xWnVUODRram1JMy05blBNWlhrWEoxYkhleVBDU3R0VWFjUDlOa3BCbmp4SjZBakhTR2NfNmJ2UmNkRk9vY0RqaklZRWpySFlueGJiVDI2YnZNRjhVai1QUGhlTnNfbllTcFJJdHBBTXdJU3hrU21SaUh4dHZfZm5vSzNsOXpETEVNNkRidkdVTm1yQkJJUg?oc=5
"Trump bought at least $51 million in bonds in March, disclosure shows - Reuters","Sat, 25 Apr 2026 07:00:00 GMT","<a href=""https://news.google.com/rss/articles/CBMisAFBVV95cUxOX0xRdkVkVzZzc0JxU0pRN0d5V1R0dU5xWlJZdGhsQWFoLVBHZmctczgwNndnRWNRRkd6VjFfenEza1RmRDZSbDlMS2p4SjBTUUUtendkRTA2V2VORFZYOGt1T3N0TFdNanF5MzBFSjJ3M1JqLXFyU3hUS0xvYThmWWROd2JnS0RuSlcyTTJ5dDZ6R09FR1NQaU5TZ3o1cnlrN0g0X1lfTGpQMHl1TTExcw?oc=5"" target=""_blank"">Trump bought at least $51 million in bonds in March, disclosure shows</a>&nbsp;&nbsp;<font color=""#6f6f6f"">Reuters</font>",https://news.google.com/rss/articles/CBMisAFBVV95cUxOX0xRdkVkVzZzc0JxU0pRN0d5V1R0dU5xWlJZdGhsQWFoLVBHZmctczgwNndnRWNRRkd6VjFfenEza1RmRDZSbDlMS2p4SjBTUUUtendkRTA2V2VORFZYOGt1T3N0TFdNanF5MzBFSjJ3M1JqLXFyU3hUS0xvYThmWWROd2JnS0RuSlcyTTJ5dDZ6R09FR1NQaU5TZ3o1cnlrN0g0X1lfTGpQMHl1TTExcw?oc=5
Trump administration plans to reduce bonds for oil companies by 95% - Українські Національні Новини (УНН),"Mon, 22 Jun 2026 07:00:00 GMT","<a href=""https://news.google.com/rss/articles/CBMinAFBVV95cUxPeEc5VzRzVzl6WGdzalMtbzRvOHkzQ1JVX3JCSGFjZjZsNTI0WnVubi1wVHNIamZCR1Ffd0xmYVNxNF93eUw3NFdxNF9WVGR4YmRuWDJQNE5ud3hkUGw2X00yR1gwdHlOcDJseG9jaEloZ2tsc1ZNd212TThlZzFacGNnR0NOWG93b05pVjRHTjUwT01UTC1ZSWNfMmjSAZsBQVVfeXFMTkJIaE80V21KSmhEVUh0NWlzd3JOZ0VBMTlNaVNWNW9UUy1RNnM2RUVTdUFRajdnWnVuSlB3anBvSks2TlVTS25mSkJXVkxWRVMwRXM1WnlYdVBkaGszV3JYOFlnZmxseW5JUzJ5OEJlWnZWb1U1cWt1TTVpVnRXb2lOUm1yZlBqVllXSHFRU2xwUVlNRk1YVEhNbG8?oc=5"" target=""_blank"">Trump administration plans to reduce bonds for oil companies by 95%</a>&nbsp;&nbsp;<font color=""#6f6f6f"">Українські Національні Новини (УНН)</font>",https://news.google.com/rss/articles/CBMinAFBVV95cUxPeEc5VzRzVzl6WGdzalMtbzRvOHkzQ1JVX3JCSGFjZjZsNTI0WnVubi1wVHNIamZCR1Ffd0xmYVNxNF93eUw3NFdxNF9WVGR4YmRuWDJQNE5ud3hkUGw2X00yR1gwdHlOcDJseG9jaEloZ2tsc1ZNd212TThlZzFacGNnR0NOWG93b05pVjRHTjUwT01UTC1ZSWNfMmjSAZsBQVVfeXFMTkJIaE80V21KSmhEVUh0NWlzd3JOZ0VBMTlNaVNWNW9UUy1RNnM2RUVTdUFRajdnWnVuSlB3anBvSks2TlVTS25mSkJXVkxWRVMwRXM1WnlYdVBkaGszV3JYOFlnZmxseW5JUzJ5OEJlWnZWb1U1cWt1TTVpVnRXb2lOUm1yZlBqVllXSHFRU2xwUVlNRk1YVEhNbG8?oc=5
Sixth Circuit panel strikes down Trump administration detention policy - Courthouse News,"Mon, 11 May 2026 07:00:00 GMT","<a href=""https://news.google.com/rss/articles/CBMipAFBVV95cUxPVXFPYVJTdHVoOFVzMExpcmVYcVhjREdhNl9rbkdsTGNBZEN0cDl6WmNzcmp3dGZsb0F4Q2x5VVVINkduRHZQRk10Ni13V0VJTGZYRWQwRXVOeDJsanhMbFB5RjJQMVNsQ0hOMU5oQW1RQkFFTmgyUEp2bzBESUNuZEZVQy1ueGZJc3BkR19jQ2hJUkVLVkxqZEYxaE9CYk1aWUltMQ?oc=5"" target=""_blank"">Sixth Circuit panel strikes down Trump administration detention policy</a>&nbsp;&nbsp;<font color=""#6f6f6f"">Courthouse News</font>",https://news.google.com/rss/articles/CBMipAFBVV95cUxPVXFPYVJTdHVoOFVzMExpcmVYcVhjREdhNl9rbkdsTGNBZEN0cDl6WmNzcmp3dGZsb0F4Q2x5VVVINkduRHZQRk10Ni13V0VJTGZYRWQwRXVOeDJsanhMbFB5RjJQMVNsQ0hOMU5oQW1RQkFFTmgyUEp2bzBESUNuZEZVQy1ueGZJc3BkR19jQ2hJUkVLVkxqZEYxaE9CYk1aWUltMQ?oc=5
"Treasury yields hold steady after hot producer prices, Trump picks Warsh for chair - CNBC","Fri, 30 Jan 2026 08:00:00 GMT","<a href=""https://news.google.com/rss/articles/CBMimgFBVV95cUxPdkxFVUFuU3c2UzBkYjVVdjVrdnlVZFNPbG9lMjN3SGtiSEZTSTBYaGZabEZSbVpHVjloU1VWamVJa2dNc1NaM2p2cmc2WXE4S0ZWMktGdURxdFdFVHBHZC15OWRkc2tUOTJVTDhQc214aVZYc1JodHRDeGgtU2hLcDVPbXdjRzVXS0hCOGR2Vk9yY3NnTHZKZ0lB0gGfAUFVX3lxTE9pMEFyeGhxZDhrTllIN3Z0aDBSenZLV3hMTTBKeUVOYTlqSFJ3VDdOMnFBQWgyQlJ4MkttVVhFVXpaSTJsSkxRanZYR0xUWlVfOHZKTDJHdmpsZTlLYWlxYVhaV3BjNmZaTzc2X1hRbGxYa2ExMld1UWR0cVdReV91X3JpQXEwRk9nZHU4VWZPYmgzNXlHeUkzUjJhU1FYaw?oc=5"" target=""_blank"">Treasury yields hold steady after hot producer prices, Trump picks Warsh for chair</a>&nbsp;&nbsp;<font color=""#6f6f6f"">CNBC</font>",https://news.google.com/rss/articles/CBMimgFBVV95cUxPdkxFVUFuU3c2UzBkYjVVdjVrdnlVZFNPbG9lMjN3SGtiSEZTSTBYaGZabEZSbVpHVjloU1VWamVJa2dNc1NaM2p2cmc2WXE4S0ZWMktGdURxdFdFVHBHZC15OWRkc2tUOTJVTDhQc214aVZYc1JodHRDeGgtU2hLcDVPbXdjRzVXS0hCOGR2Vk9yY3NnTHZKZ0lB0gGfAUFVX3lxTE9pMEFyeGhxZDhrTllIN3Z0aDBSenZLV3hMTTBKeUVOYTlqSFJ3VDdOMnFBQWgyQlJ4MkttVVhFVXpaSTJsSkxRanZYR0xUWlVfOHZKTDJHdmpsZTlLYWlxYVhaV3BjNmZaTzc2X1hRbGxYa2ExMld1UWR0cVdReV91X3JpQXEwRk9nZHU4VWZPYmgzNXlHeUkzUjJhU1FYaw?oc=5
"Federal Reserve again shrugs off Trump pressure, keeps interest rate steady - InvestmentNews","Wed, 29 Apr 2026 07:00:00 GMT","<a href=""https://news.google.com/rss/articles/CBMijAFBVV95cUxOTTU4bDhfcmpDUXpkeERaenlLZE1WbWFIcWI4V3BaN014djMtY1U2QlV6OWtxV1h5OU1iczRnenVOZWVOY29PeUo3QlItWU9hdkU1ejgwVGhyVmNrZVFYQlFsY2c3dnNkR0ZSakYxYktJMV9jNmE0M0lkaHNoT0FDdDVLclBQTlMyNWdkQg?oc=5"" target=""_blank"">Federal Reserve again shrugs off Trump pressure, keeps interest rate steady</a>&nbsp;&nbsp;<font color=""#6f6f6f"">InvestmentNews</font>",https://news.google.com/rss/articles/CBMijAFBVV95cUxOTTU4bDhfcmpDUXpkeERaenlLZE1WbWFIcWI4V3BaN014djMtY1U2QlV6OWtxV1h5OU1iczRnenVOZWVOY29PeUo3QlItWU9hdkU1ejgwVGhyVmNrZVFYQlFsY2c3dnNkR0ZSakYxYktJMV9jNmE0M0lkaHNoT0FDdDVLclBQTlMyNWdkQg?oc=5
JPMorgan’s Michele Says Market Selloff Is Message for Trump - Bloomberg.com,"Tue, 20 Jan 2026 08:00:00 GMT","<a href=""https://news.google.com/rss/articles/CBMirwFBVV95cUxON3NzeFZ3dk94T002bHZDc081ZlFRdXlZNTB6ZjBoSWtCOGF3Rk16Q1dSOF9xck9BMFNyX0hHclJsZnN4cHZwUkN4M1RCanZMblV3bmZicXJ5VVlhUXFiM0NtbHNmcEtfQmMtQ0FDWWlPLUFjUGstM2lPY3ZQdkh0TTdKVVRLX0tJeWJpNlVRMlp0Q1F2OFhKY2UzWTYxS2lOajZWUVJhcnI1NlBUdUVB?oc=5"" target=""_blank"">JPMorgan’s Michele Says Market Selloff Is Message for Trump</a>&nbsp;&nbsp;<font color=""#6f6f6f"">Bloomberg.com</font>",https://news.google.com/rss/articles/CBMirwFBVV95cUxON3NzeFZ3dk94T002bHZDc081ZlFRdXlZNTB6ZjBoSWtCOGF3Rk16Q1dSOF9xck9BMFNyX0hHclJsZnN4cHZwUkN4M1RCanZMblV3bmZicXJ5VVlhUXFiM0NtbHNmcEtfQmMtQ0FDWWlPLUFjUGstM2lPY3ZQdkh0TTdKVVRLX0tJeWJpNlVRMlp0Q1F2OFhKY2UzWTYxS2lOajZWUVJhcnI1NlBUdUVB?oc=5
5 Things Becoming More Expensive for Retirees in Trump’s Economy - Yahoo Finance,"Wed, 08 Apr 2026 07:00:00 GMT","<a href=""https://news.google.com/rss/articles/CBMimgFBVV95cUxNbXRGaUs1ZjA5a0tMbzRQV3RBSHBLUmVOLUQ3V1ZqQk5qdmNNSU1nWHE4aWhiYzg4a3JfdUhDOHRXUEtDdnBoSEpaT3o2azRnSk1qeWtBV2FLeVQwRmRIa3p0YkFweHpwbjFQNFo1Um9ITWdxamxvMmVYc3cxcFZkRU1OV1piS0tWZ0h6WTFXeTQ1Z2RxUks0eHp3?oc=5"" target=""_blank"">5 Things Becoming More Expensive for Retirees in Trump’s Economy</a>&nbsp;&nbsp;<font color=""#6f6f6f"">Yahoo Finance</font>",https://news.google.com/rss/articles/CBMimgFBVV95cUxNbXRGaUs1ZjA5a0tMbzRQV3RBSHBLUmVOLUQ3V1ZqQk5qdmNNSU1nWHE4aWhiYzg4a3JfdUhDOHRXUEtDdnBoSEpaT3o2azRnSk1qeWtBV2FLeVQwRmRIa3p0YkFweHpwbjFQNFo1Um9ITWdxamxvMmVYc3cxcFZkRU1OV1piS0tWZ0h6WTFXeTQ1Z2RxUks0eHp3?oc=5
U.S. policy under Trump: What investors need to know Q4 2025 - T. Rowe Price,"Tue, 11 Nov 2025 17:10:32 GMT","<a href=""https://news.google.com/rss/articles/CBMixgFBVV95cUxQQ0FoQ083cGk4SzNWTGNhV1BLdUhFU0I4MFJCV3RJc1ZpVmw4c0ttcFAyd2wwWE1aaW1yYUtPVVdJYk9ENl9rS2hJOXhQNXF3Y3k3T3h3cWdMVURpNmVILTNDY2ZXZ1RDRUVfckNWVUYtQWtGd3NXZjdUMDluZ0JjX1o5b3BuMjcwbHVzUlhGQzFlU29NSXVyLXZIMkNWVGtoOExibDFKdms1bUJ5ejA3eHVpTzlsYUF1LWIzb0VGQk9XYm1EOXc?oc=5"" target=""_blank"">U.S. policy under Trump: What investors need to know Q4 2025</a>&nbsp;&nbsp;<font color=""#6f6f6f"">T. Rowe Price</font>",https://news.google.com/rss/articles/CBMixgFBVV95cUxQQ0FoQ083cGk4SzNWTGNhV1BLdUhFU0I4MFJCV3RJc1ZpVmw4c0ttcFAyd2wwWE1aaW1yYUtPVVdJYk9ENl9rS2hJOXhQNXF3Y3k3T3h3cWdMVURpNmVILTNDY2ZXZ1RDRUVfckNWVUYtQWtGd3NXZjdUMDluZ0JjX1o5b3BuMjcwbHVzUlhGQzFlU29NSXVyLXZIMkNWVGtoOExibDFKdms1bUJ5ejA3eHVpTzlsYUF1LWIzb0VGQk9XYm1EOXc?oc=5
"‘Sell America’, the two words that sum up the markets’ break with an out-of-control Trump - EL PAÍS English","Fri, 23 Jan 2026 08:00:00 GMT","<a href=""https://news.google.com/rss/articles/CBMi4wFBVV95cUxQbTFtNWxDUzZ0YUVjZjdnWHBZdmxqVFdrdTl0d2w2WDRfRjAtSXU5bnJIMHc5ZW94b3o1SE5ERHhFWFJCTDFYYzVuMDlTaUJuUFJKZ0FOOW15ZzZtbmtUWUQ0NW5VVm9JNUJPNnNXSk5jdW1OQUdzMmcwX1lacGE3emJKMllYQjF6X3lHRng5aEswVjNtTVVSeDZyeW5Ka3podUgtN2h5UTlNWTZpS2lpWm9la3lmb2tLcEtFMkRmNXRqUERNWEFvSGFteGFlRnF5UHdSQjJBejJXMFROcDVsVk5zZ9IB9wFBVV95cUxPbGdjREcyYmhfYU5Fb3FYOGoyMkRjOWpEelRCY1RwdDBMc2JYTkNKb3p1ZFhFU0MtZmUybGFJUFlJYy1YSjBJN0pMNW53akhxMTVoRGJqTDlBNDlJTGhMbXJnSjBfMVgtaWl2MW11S0Z4X21nb3kwRWp5dmlOa3k0QmlSQkFQMmtYOUpFT1R4bXVBNHlWNW5XSmFnbEpUZjhHWlJHM3FXeW1PZ1A0N3RGVV9CTjNLWlZzZG92WXcySWJERUJsRl9nVENCZUFDbmE3NHNYZlpqUVVDZTY1WEdKb2F5RWdQdTRpOVo2eDVOZy1lSGV0Tkpv?oc=5"" target=""_blank"">‘Sell America’, the two words that sum up the markets’ break with an out-of-control Trump</a>&nbsp;&nbsp;<font color=""#6f6f6f"">EL PAÍS English</font>",https://news.google.com/rss/articles/CBMi4wFBVV95cUxQbTFtNWxDUzZ0YUVjZjdnWHBZdmxqVFdrdTl0d2w2WDRfRjAtSXU5bnJIMHc5ZW94b3o1SE5ERHhFWFJCTDFYYzVuMDlTaUJuUFJKZ0FOOW15ZzZtbmtUWUQ0NW5VVm9JNUJPNnNXSk5jdW1OQUdzMmcwX1lacGE3emJKMllYQjF6X3lHRng5aEswVjNtTVVSeDZyeW5Ka3podUgtN2h5UTlNWTZpS2lpWm9la3lmb2tLcEtFMkRmNXRqUERNWEFvSGFteGFlRnF5UHdSQjJBejJXMFROcDVsVk5zZ9IB9wFBVV95cUxPbGdjREcyYmhfYU5Fb3FYOGoyMkRjOWpEelRCY1RwdDBMc2JYTkNKb3p1ZFhFU0MtZmUybGFJUFlJYy1YSjBJN0pMNW53akhxMTVoRGJqTDlBNDlJTGhMbXJnSjBfMVgtaWl2MW11S0Z4X21nb3kwRWp5dmlOa3k0QmlSQkFQMmtYOUpFT1R4bXVBNHlWNW5XSmFnbEpUZjhHWlJHM3FXeW1PZ1A0N3RGVV9CTjNLWlZzZG92WXcySWJERUJsRl9nVENCZUFDbmE3NHNYZlpqUVVDZTY1WEdKb2F5RWdQdTRpOVo2eDVOZy1lSGV0Tkpv?oc=5
Markets plunge as Trump reignites fears of a trade war over Greenland - NBC News,"Tue, 20 Jan 2026 08:00:00 GMT","<a href=""https://news.google.com/rss/articles/CBMikgFBVV95cUxQRGhMS1AtejlhQkJoOTFSbkRTZVE5Yk93RTVLMG5EeFdEQmpUeG9xUGR3dmVtMzQxc0dfemFzOGZacmR4MXFsMmxGeE0yWUFmRnRjTTBBVFBDVnBPUXVTak1JV2xxcndmbm5NRTNia3dJeUt6d0NlaTkxcEtWWlhxZGJzLTRqWnFyWmVGQUhRY0t2dw?oc=5"" target=""_blank"">Markets plunge as Trump reignites fears of a trade war over Greenland</a>&nbsp;&nbsp;<font color=""#6f6f6f"">NBC News</font>",https://news.google.com/rss/articles/CBMikgFBVV95cUxQRGhMS1AtejlhQkJoOTFSbkRTZVE5Yk93RTVLMG5EeFdEQmpUeG9xUGR3dmVtMzQxc0dfemFzOGZacmR4MXFsMmxGeE0yWUFmRnRjTTBBVFBDVnBPUXVTak1JV2xxcndmbm5NRTNia3dJeUt6d0NlaTkxcEtWWlhxZGJzLTRqWnFyWmVGQUhRY0t2dw?oc=5
"Trump has bought more than $100m in bonds in office, disclosure shows - Al Jazeera","Thu, 21 Aug 2025 07:00:00 GMT","<a href=""https://news.google.com/rss/articles/CBMisAFBVV95cUxOSmRnTzVka1BIQmhRLXJJYVhQb05EbV9rNEZqLThKVFQyOXRxZTNLeDNYQWtNRU9yNmxTZHc4dnRjVktaSHJkcXNtSEtnQ1ZkbDZSbXRFYVlZcWFTbm5jWHIzVldNRGZSV0ZnUUdTc0xDOHJYUl9tYmRGSlFFTFZiOV81Mk84cUt1VGRpWU84S3V4WXplY3luc0NCV09hYjF4RTByTldZRXl0QmtNQThqX9IBtgFBVV95cUxNV0JpVDRlbDRGQUZURUY2RDBoYk4zWlBVd1d5OEo4clpHLVNSc182VE1hbThoYVBrSGlxNEREZ2g3WFlHbnVLckduSEg0aWpDNWpoVTZhdUFLVUQzUTBMUUp0RDVRMnNoZFhkNkE3cUhKWDlrWkR0cDJBN1lUZmtGWWEtZWc0aVRKLTBPVXpqdzc2ajhyUkRIR2FiVmgzNF92aEp2N2w3SWtXczJwRWdxTmJ6MlJQZw?oc=5"" target=""_blank"">Trump has bought more than $100m in bonds in office, disclosure shows</a>&nbsp;&nbsp;<font color=""#6f6f6f"">Al Jazeera</font>",https://news.google.com/rss/articles/CBMisAFBVV95cUxOSmRnTzVka1BIQmhRLXJJYVhQb05EbV9rNEZqLThKVFQyOXRxZTNLeDNYQWtNRU9yNmxTZHc4dnRjVktaSHJkcXNtSEtnQ1ZkbDZSbXRFYVlZcWFTbm5jWHIzVldNRGZSV0ZnUUdTc0xDOHJYUl9tYmRGSlFFTFZiOV81Mk84cUt1VGRpWU84S3V4WXplY3luc0NCV09hYjF4RTByTldZRXl0QmtNQThqX9IBtgFBVV95cUxNV0JpVDRlbDRGQUZURUY2RDBoYk4zWlBVd1d5OEo4clpHLVNSc182VE1hbThoYVBrSGlxNEREZ2g3WFlHbnVLckduSEg0aWpDNWpoVTZhdUFLVUQzUTBMUUp0RDVRMnNoZFhkNkE3cUhKWDlrWkR0cDJBN1lUZmtGWWEtZWc0aVRKLTBPVXpqdzc2ajhyUkRIR2FiVmgzNF92aEp2N2w3SWtXczJwRWdxTmJ6MlJQZw?oc=5
How you could benefit from Trump’s plan for buying mortgage bonds - MarketWatch,"Mon, 12 Jan 2026 08:00:00 GMT","<a href=""https://news.google.com/rss/articles/CBMiqwFBVV95cUxPWmdqSk5vVGRxdTRiUi1nWGRQNnVNUnhJRXVxYmVGeU56V3dvTEF6SnhCZ3Z1VGFTU3VvS2JEaTNiQW1OUmwwUVFxWEpBaGR3cGx2aTVQaGJEdEhEMzNncURUQ2RNTzVnODEwVjRCTndXRWZ5U1Nyal9Od2pDOW5tWFB1OW5mQ1FZZHRvU1VOZHQ4LXdxNk5VNjVlUnZ4RlJKLWtwaTIxMmFXUzA?oc=5"" target=""_blank"">How you could benefit from Trump’s plan for buying mortgage bonds</a>&nbsp;&nbsp;<font color=""#6f6f6f"">MarketWatch</font>",https://news.google.com/rss/articles/CBMiqwFBVV95cUxPWmdqSk5vVGRxdTRiUi1nWGRQNnVNUnhJRXVxYmVGeU56V3dvTEF6SnhCZ3Z1VGFTU3VvS2JEaTNiQW1OUmwwUVFxWEpBaGR3cGx2aTVQaGJEdEhEMzNncURUQ2RNTzVnODEwVjRCTndXRWZ5U1Nyal9Od2pDOW5tWFB1OW5mQ1FZZHRvU1VOZHQ4LXdxNk5VNjVlUnZ4RlJKLWtwaTIxMmFXUzA?oc=5
Citadel Securities says investors are making a dangerous miscalculation about the Iran war - Business Insider,"Mon, 23 Mar 2026 07:00:00 GMT","<a href=""https://news.google.com/rss/articles/CBMiqAFBVV95cUxNUnphU1pKb3ZBblRnOEhtT1VKZkFIS0xTUkRWcmxNcUlBUmZCLWpvelM0XzZQZnlpd1dVQWNPR2pPNmxPNjFiRjlBV3h2cjE2X1NKOC1mRHh2ZVYxVFliYkpla1BlTGdFU1BjRTVRZ2l5ekFRUXZ4Z2NsQkxvYUZlblpFdkZ1cXJUTzZvN1JqbnQ4Y0NCVDNwMkpmYUFybFQtRjZoYzVNNG4?oc=5"" target=""_blank"">Citadel Securities says investors are making a dangerous miscalculation about the Iran war</a>&nbsp;&nbsp;<font color=""#6f6f6f"">Business Insider</font>",https://news.google.com/rss/articles/CBMiqAFBVV95cUxNUnphU1pKb3ZBblRnOEhtT1VKZkFIS0xTUkRWcmxNcUlBUmZCLWpvelM0XzZQZnlpd1dVQWNPR2pPNmxPNjFiRjlBV3h2cjE2X1NKOC1mRHh2ZVYxVFliYkpla1BlTGdFU1BjRTVRZ2l5ekFRUXZ4Z2NsQkxvYUZlblpFdkZ1cXJUTzZvN1JqbnQ4Y0NCVDNwMkpmYUFybFQtRjZoYzVNNG4?oc=5
